{
  "project_info": {
    "project_number": "53074226521",
    "firebase_url": "https://cryptowallet-3b666.firebaseio.com",
    "project_id": "cryptowallet-3b666",
    "storage_bucket": "cryptowallet-3b666.appspot.com"
  },
  "client": [
    {
      "client_info": {
        "mobilesdk_app_id": "1:53074226521:android:d17390a897661e77a7f048",
        "android_client_info": {
          "package_name": "com.example.flutter_cryptowallet"
        }
      },
      "oauth_client": [
        {
          "client_id": "53074226521-o6nbug6ai1qblgo3irh8vn7jmbndds2r.apps.googleusercontent.com",
          "client_type": 3
        }
      ],
      "api_key": [
        {
          "current_key": "AIzaSyCTksf7L2Vuebp98MBst1wg0BvEmy0c4Vg"
        }
      ],
      "services": {
        "appinvite_service": {
          "other_platform_oauth_client": [
            {
              "client_id": "53074226521-o6nbug6ai1qblgo3irh8vn7jmbndds2r.apps.googleusercontent.com",
              "client_type": 3
            }
          ]
        }
      }
    }
  ],
  "configuration_version": "1"
}